ranking,team,squad_size,avg_age,total_value,confederation,points
1,Argentina,25,27.6,€700.30m,CONMEBOL,1886
2,Spain,26,26.2,€1.16bn,UEFA,1855
3,France,28,26.1,€1.33bn,UEFA,1853
4,England,26,26.5,€1.26bn,UEFA,1819
5,Brazil,23,25.8,€995.60m,CONMEBOL,1776
6,Netherlands,22,26.2,€702.50m,UEFA,1752
7,Portugal,22,26.7,€899.00m,UEFA,1750
8,Belgium,26,26.5,€572.50m,UEFA,1736
9,Italy,23,25.9,€726.00m,UEFA,1718
10,Germany,26,28,€726.00m,UEFA,1717
11,Croatia,24,27.7,€333.30m,UEFA,1699
12,Morocco,27,25.9,€412.30m,CAF,1694
13,Uruguay,24,27,€446.80m,CONMEBOL,1679
14,Colombia,25,29.1,€288.80m,CONMEBOL,1679
15,Japan,25,27.1,€286.90m,AFC,1653
16,United States,23,25.8,€244.10m,CONCACAF,1649
17,Mexico,23,27.1,€199.50m,CONCACAF,1647
18,Iran,20,27,€16.68m,AFC,1637
19,Senegal,24,27.5,€238.60m,CAF,1630
20,Switzerland,26,27.6,€277.85m,UEFA,1625
21,Denmark,23,26.3,€404.55m,UEFA,1618
22,Austria,25,27.7,€191.10m,UEFA,1580
23,South Korea,28,27.5,€122.10m,AFC,1575
24,Ecuador,26,25.4,€296.45m,CONMEBOL,1568
25,Ukraine,26,26.6,€254.10m,UEFA,1560
26,Australia,24,27.7,€23.53m,AFC,1555
27,Turkey,28,25.6,€335.50m,UEFA,1551
28,Sweden,28,25.8,€486.50m,UEFA,1536
29,Wales,26,27.6,€171.35m,UEFA,1536
30,Canada,23,26.1,€189.70m,CONCACAF,1532
31,Serbia,29,26.4,€275.00m,UEFA,1524
32,Egypt,24,28.2,€169.65m,CAF,1519
33,Panama,23,27.2,€22.54m,CONCACAF,1518
34,Poland,25,27.4,€204.20m,UEFA,1517
35,Russia,39,25.8,€202.30m,UEFA,1516
36,Algeria,25,27.5,€199.65m,CAF,1507
37,Hungary,25,27.7,€179.85m,UEFA,1503
38,Norway,23,26.7,€456.20m,UEFA,1497
39,Czech Republic,25,27.7,€160.80m,UEFA,1491
40,Greece,28,26.5,€235.30m,UEFA,1490
41,Ivory Coast,23,27.2,€279.75m,CAF,1487
42,Peru,28,29.6,€35.73m,CONMEBOL,1483
43,Nigeria,34,26.5,€294.30m,CAF,1481
44,Scotland,25,27.7,€182.00m,UEFA,1480
45,Romania,24,29,€73.60m,UEFA,1479
46,Slovakia,29,27.9,€150.03m,UEFA,1478
47,Venezuela,34,27.6,€81.93m,CONMEBOL,1477
48,Paraguay,28,27.9,€134.65m,CONMEBOL,1476
49,Tunisia,26,28.4,€58.03m,CAF,1474
50,Cameroon,24,27.6,€213.55m,CAF,1466
51,Slovenia,23,27.4,€155.95m,UEFA,1463
52,Chile,25,29.8,€62.90m,CONMEBOL,1462
53,Mali,25,25.6,€122.75m,CAF,1460
54,Costa Rica,23,25.4,€38.35m,CONCACAF,1459
55,Qatar,30,28.1,€23.13m,AFC,1457
56,South Africa,22,28.1,€32.75m,CAF,1445
57,Uzbekistan,28,27.5,€69.30m,AFC,1437
58,Saudi Arabia,27,25.9,€30.65m,AFC,1419
59,Iraq,28,26.6,€13.93m,AFC,1413
60,Republic of Ireland,24,25.9,€185.13m,UEFA,1412
61,DR Congo,27,28.1,€138.20m,CAF,1407
62,Jordan,28,26.7,€13.53m,AFC,1389
63,Jamaica,24,27.1,€64.10m,CONCACAF,1387
64,Burkina Faso,26,24.8,€87.48m,CAF,1385
65,United Arab Emirates UAE,26,26.8,€48.00m,AFC,1383
66,Albania,26,27.1,€96.15m,UEFA,1376
67,North Macedonia,26,27.9,€36.33m,UEFA,1376
68,Georgia,25,27.1,€182.08m,UEFA,1373
69,Finland,25,28.7,€42.90m,UEFA,1360
70,Bosnia-Herzegovina,26,26.2,€84.25m,UEFA,1351
71,Northern Ireland,24,24.1,€42.60m,UEFA,1349
72,Cape Verde,29,27.2,€40.15m,CAF,1344
73,Montenegro,25,28.9,€37.43m,UEFA,1337
74,Iceland,23,26.3,€94.93m,UEFA,1337
75,Honduras,27,28.7,€12.90m,CONCACAF,1334
76,Ghana,22,26,€179.93m,CAF,1333
77,Oman,34,27.7,€9.75m,AFC,1324
78,Israel,24,26.4,€86.90m,UEFA,1322
79,Gabon,25,28,€30.98m,CAF,1310
80,Bolivia,26,24.4,€14.35m,CONMEBOL,1308
81,El Salvador,44,26.8,€12.44m,CONCACAF,1301
82,Guinea,22,26.1,€71.25m,CAF,1293
83,Haiti,24,27.5,€17.43m,CONCACAF,1292
84,Bahrain,27,30,€9.30m,AFC,1290
85,Bulgaria,27,26.3,€31.65m,UEFA,1289
86,New Zealand,23,27.4,€27.40m,OFC,1285
87,Angola,26,27,€51.63m,CAF,1280
88,Zambia,19,26.9,€7.63m,CAF,1276
89,Uganda,28,26.5,€3.28m,CAF,1274
90,Curaçao,23,27.4,€14.93m,CONCACAF,1265
91,Luxembourg,24,25.7,€31.68m,UEFA,1262
92,Equatorial Guinea,24,26.6,€19.93m,CAF,1256
93,Syria,22,28.6,€10.85m,AFC,1254
94,China,27,28.4,€13.43m,AFC,1251
95,Benin,24,26.4,€11.20m,CAF,1240
96,Mozambique,24,29.1,€27.73m,CAF,1239
97,Kosovo,24,26.8,€57.28m,UEFA,1238
98,Belarus,24,26,€11.93m,UEFA,1235
99,Thailand,23,28.1,€8.35m,AFC,1234
100,Trinidad and Tobago,25,26.9,€4.60m,CONCACAF,1230
101,Palestine,28,26.8,€10.43m,AFC,1225
102,Armenia,26,26.7,€21.13m,UEFA,1208
103,Kyrgyzstan,27,25.8,€7.25m,AFC,1206
104,Tajikistan,23,25.9,€7.23m,AFC,1203
105,Comoros,24,26.7,€22.80m,CAF,1203
106,Guatemala,22,26.4,€4.45m,CONCACAF,1197
107,Tanzania,24,26.2,€3.15m,CAF,1196
108,Namibia,23,29.2,€4.43m,CAF,1192
109,Vietnam,23,27.5,€6.23m,AFC,1184
110,Mauritania,24,25.6,€10.33m,CAF,1180
111,Kenya,44,25.6,€22.85m,CAF,1179
112,Lebanon,20,29,€4.78m,AFC,1178
113,Kazakhstan,22,27.9,€13.13m,UEFA,1178
114,Sudan,27,29.6,€1.33m,CAF,1174
115,Madagascar,24,27.1,€8.35m,CAF,1163
116,Zimbabwe,23,28.6,€30.30m,CAF,1161
117,Libya,30,28.4,€1.18m,CAF,1155
118,North Korea,30,25.1,€6.43m,AFC,1153
119,Azerbaijan,31,26.4,€18.35m,UEFA,1151
120,Togo,24,26.9,€30.56m,CAF,1149
121,Estonia,25,26.3,€11.53m,UEFA,1144
122,Niger,24,27.8,€9.10m,CAF,1143
123,Indonesia,32,26.3,€37.50m,AFC,1143
124,Sierra Leone,24,24.8,€6.30m,CAF,1140
125,Republic of the Congo,-,0,-,CAF,1136
126,The Gambia,24,26.2,€57.60m,CAF,1133
127,India,23,27.6,€5.15m,AFC,1132
128,Guinea-Bissau,24,26.2,€39.45m,CAF,1128
129,Cyprus,25,26.9,€19.25m,UEFA,1128
130,Rwanda,27,25.9,€4.95m,CAF,1127
131,Malaysia,26,28.7,€7.88m,AFC,1124
132,Malawi,28,26.1,€1.13m,CAF,1118
133,Nicaragua,24,27,€3.18m,CONCACAF,1114
134,Kuwait,27,28.6,€6.13m,AFC,1112
135,Central African Republic,25,25.8,€13.85m,CAF,1102
136,Botswana,26,28.9,€2.05m,CAF,1101
137,Suriname,23,25.9,€16.33m,CONCACAF,1097
138,Latvia,25,26.6,€10.00m,UEFA,1092
139,Dominican Republic,23,25.8,€21.25m,CONCACAF,1087
140,Burundi,26,25.8,€16.45m,CAF,1086
141,Faroe Islands,23,27.5,€4.70m,UEFA,1085
142,Turkmenistan,23,26.9,€2.73m,AFC,1076
143,Lithuania,23,26.4,€16.48m,UEFA,1073
144,Liberia,24,24.1,€20.88m,CAF,1068
145,Saint Kitts and Nevis,22,27.4,€475k,CONCACAF,1065
146,Philippines,23,25.8,€4.45m,AFC,1063
147,Ethiopia,24,25.8,€300k,CAF,1061
148,Lesotho,22,29.4,€400k,CAF,1046
149,Solomon Islands,22,25.9,€925k,OFC,1046
150,Fiji,23,28.6,€2.48m,OFC,1043
151,New Caledonia,23,27.6,€250k,OFC,1040
152,Guyana,23,27.2,€6.80m,CONCACAF,1038
153,Hong Kong,37,28.7,€6.35m,AFC,1033
154,Moldova,26,27.9,€15.13m,UEFA,1031
155,Eswatini,23,28.1,€450k,CAF,1023
156,Tahiti,19,27.8,€50k,OFC,1019
157,Puerto Rico,23,23.6,€1.13m,CONCACAF,1019
158,Yemen,19,24.9,€1.20m,AFC,1018
159,Antigua and Barbuda,22,23.1,€175k,CONCACAF,1011
160,Afghanistan,22,26,€735k,AFC,1008
161,Singapore,24,27.6,€2.98m,AFC,1002
162,Myanmar,26,26,€3.65m,AFC,995
163,Vanuatu,24,28.7,€660k,OFC,992
164,Maldives,22,28.3,€1.43m,AFC,986
165,Saint Lucia,24,27.6,€725k,CONCACAF,986
166,Chinese Taipei,25,25.2,€1.85m,AFC,980
167,Cuba,23,23.3,€1.93m,CONCACAF,980
168,Bermuda,23,26.3,€275k,CONCACAF,978
169,Malta,25,27.5,€12.88m,UEFA,976
170,South Sudan,23,23.4,-,CAF,976
171,Papua New Guinea,24,28.8,-,OFC,969
172,Saint Vincent and the Grenadines,23,25.8,€435k,CONCACAF,966
173,Andorra,30,28.3,€3.67m,UEFA,957
174,Grenada,20,25.5,€125k,CONCACAF,954
175,Nepal,23,26,€1.75m,AFC,936
176,Barbados,24,25.3,€700k,CONCACAF,933
177,Chad,24,24,€50k,CAF,925
178,Mauritius,20,26.4,€825k,CAF,922
179,Belize,23,24.5,€475k,CONCACAF,919
180,Montserrat,17,26.4,€450k,CONCACAF,914
181,Cambodia,23,25.7,€2.78m,AFC,913
182,Bhutan,23,23.9,€625k,AFC,907
183,Bangladesh,23,24.9,€7.78m,AFC,904
184,Dominica,23,26.3,-,CONCACAF,900
185,Brunei Darussalam,23,26.9,€625k,AFC,893
186,American Samoa,23,24.8,-,OFC,883
187,Mongolia,20,25,€1.18m,AFC,880
188,Cook Islands,19,28,-,OFC,878
189,Samoa,24,23.8,€205k,OFC,876
190,Laos,23,22.1,€1.73m,AFC,876
191,Cayman Islands,24,25.4,€10k,CONCACAF,867
192,Djibouti,18,27.7,-,CAF,866
193,Macau,23,25.7,€335k,AFC,865
194,São Tome and Principe,22,26,€750k,CAF,865
195,Aruba,23,25,-,CONCACAF,864
196,Gibraltar,23,23.7,€1.55m,UEFA,843
197,Timor-Leste,23,23.3,€950k,AFC,840
198,Pakistan,23,24.5,€1.30m,AFC,838
199,Tonga,23,22.9,€10k,OFC,836
200,Sri Lanka,23,27.6,€1.68m,AFC,834
201,Somalia,25,25.9,€760k,CAF,832
202,Guam,20,23.5,€350k,AFC,823
203,Seychelles,23,24.2,€50k,CAF,821
204,Bahamas,18,23,-,CONCACAF,819
205,Liechtenstein,23,26.3,€900k,UEFA,814
206,Turks and Caicos Islands,16,21,€75k,CONCACAF,804
207,British Virgin Islands,20,22.3,-,CONCACAF,780
208,United States Virgin Islands,20,24.9,-,CONCACAF,780
209,Anguilla,22,24.5,-,CONCACAF,769
210,San Marino,28,24,€870k,UEFA,741